image,r1,g1,b1,r2,g2,b2
01_7745.PNG,0.22,0.46,0.32,0.22,0.46,0.32
01_7883.PNG,0.22,0.46,0.32,0.22,0.46,0.32
01_7886.PNG,0.22,0.46,0.32,0.22,0.46,0.32
01_7888.PNG,0.22,0.46,0.32,0.22,0.46,0.32
01_7920.PNG,0.22,0.46,0.32,0.22,0.46,0.32
01_7946.PNG,0.22,0.46,0.32,0.22,0.46,0.32
01_7969.PNG,0.22,0.46,0.32,0.22,0.46,0.32
01_7976.PNG,0.22,0.46,0.32,0.22,0.46,0.32
01_8050.PNG,0.22,0.46,0.32,0.22,0.46,0.32
02_8133.PNG,0.22,0.46,0.32,0.22,0.46,0.32
02_8176.PNG,0.22,0.46,0.32,0.22,0.46,0.32
02_8252.PNG,0.22,0.46,0.32,0.22,0.46,0.32
02_8279.PNG,0.22,0.46,0.32,0.22,0.46,0.32
02_8292.PNG,0.22,0.46,0.32,0.22,0.46,0.32
02_8348.PNG,0.22,0.46,0.32,0.22,0.46,0.32
02_8351.PNG,0.22,0.46,0.32,0.22,0.46,0.32
02_8355.PNG,0.22,0.46,0.32,0.22,0.46,0.32
02_8356.PNG,0.22,0.46,0.32,0.22,0.46,0.32
02_8387.PNG,0.22,0.46,0.32,0.22,0.46,0.32
02_8419.PNG,0.22,0.46,0.32,0.22,0.46,0.32
02_8439.PNG,0.22,0.46,0.32,0.22,0.46,0.32
02_8450.PNG,0.22,0.46,0.32,0.22,0.46,0.32
02_8588.PNG,0.22,0.46,0.32,0.22,0.46,0.32
02_8598.PNG,0.22,0.46,0.32,0.22,0.46,0.32
02_8607.PNG,0.22,0.46,0.32,0.22,0.46,0.32
02_8609.PNG,0.22,0.46,0.32,0.22,0.46,0.32
02_8632.PNG,0.22,0.46,0.32,0.22,0.46,0.32
02_8707.PNG,0.22,0.46,0.32,0.22,0.46,0.32
02_8708.PNG,0.22,0.46,0.32,0.22,0.46,0.32
02_8726.PNG,0.22,0.46,0.32,0.22,0.46,0.32
02_8727.PNG,0.22,0.46,0.32,0.22,0.46,0.32
02_8753.PNG,0.22,0.46,0.32,0.22,0.46,0.32
03_9169.PNG,0.22,0.46,0.32,0.22,0.46,0.32
03_9227.PNG,0.22,0.46,0.32,0.22,0.46,0.32
03_9228.PNG,0.22,0.46,0.32,0.22,0.46,0.32
03_9236.PNG,0.22,0.46,0.32,0.22,0.46,0.32
03_9237.PNG,0.22,0.46,0.32,0.22,0.46,0.32
03_9250.PNG,0.22,0.46,0.32,0.22,0.46,0.32
03_9260.PNG,0.22,0.46,0.32,0.22,0.46,0.32
03_9261.PNG,0.22,0.46,0.32,0.22,0.46,0.32
03_9264.PNG,0.22,0.46,0.32,0.22,0.46,0.32
03_9267.PNG,0.22,0.46,0.32,0.22,0.46,0.32
03_9269.PNG,0.22,0.46,0.32,0.22,0.46,0.32
03_9272.PNG,0.22,0.46,0.32,0.22,0.46,0.32
03_9273.PNG,0.22,0.46,0.32,0.22,0.46,0.32
03_9280.PNG,0.22,0.46,0.32,0.22,0.46,0.32
03_9286.PNG,0.22,0.46,0.32,0.22,0.46,0.32
03_9291.PNG,0.22,0.46,0.32,0.22,0.46,0.32
03_9295.PNG,0.22,0.46,0.32,0.22,0.46,0.32
03_9303.PNG,0.22,0.46,0.32,0.22,0.46,0.32
03_9308.PNG,0.22,0.46,0.32,0.22,0.46,0.32
03_9318.PNG,0.22,0.46,0.32,0.22,0.46,0.32
03_9331.PNG,0.22,0.46,0.32,0.22,0.46,0.32
03_9336.PNG,0.22,0.46,0.32,0.22,0.46,0.32
03_9344.PNG,0.22,0.46,0.32,0.22,0.46,0.32
03_9348.PNG,0.22,0.46,0.32,0.22,0.46,0.32
03_9349.PNG,0.22,0.46,0.32,0.22,0.46,0.32
03_9350.PNG,0.22,0.46,0.32,0.22,0.46,0.32
03_9351.PNG,0.22,0.46,0.32,0.22,0.46,0.32
03_9352.PNG,0.22,0.46,0.32,0.22,0.46,0.32
03_9354.PNG,0.22,0.46,0.32,0.22,0.46,0.32
03_9355.PNG,0.22,0.46,0.32,0.22,0.46,0.32
03_9356.PNG,0.22,0.46,0.32,0.22,0.46,0.32
03_9358.PNG,0.22,0.46,0.32,0.22,0.46,0.32
03_9360.PNG,0.22,0.46,0.32,0.22,0.46,0.32
03_9364.PNG,0.22,0.46,0.32,0.22,0.46,0.32
03_9365.PNG,0.22,0.46,0.32,0.22,0.46,0.32
03_9366.PNG,0.22,0.46,0.32,0.22,0.46,0.32
03_9367.PNG,0.22,0.46,0.32,0.22,0.46,0.32
03_9368.PNG,0.22,0.46,0.32,0.22,0.46,0.32
03_9369.PNG,0.22,0.46,0.32,0.22,0.46,0.32
03_9370.PNG,0.22,0.46,0.32,0.22,0.46,0.32
03_9372.PNG,0.22,0.46,0.32,0.22,0.46,0.32
03_9374.PNG,0.22,0.46,0.32,0.22,0.46,0.32
03_9376.PNG,0.22,0.46,0.32,0.22,0.46,0.32
03_9379.PNG,0.22,0.46,0.32,0.22,0.46,0.32
03_9380.PNG,0.22,0.46,0.32,0.22,0.46,0.32
03_9387.PNG,0.22,0.46,0.32,0.22,0.46,0.32
03_9390.PNG,0.22,0.46,0.32,0.22,0.46,0.32
03_9393.PNG,0.22,0.46,0.32,0.22,0.46,0.32
03_9395.PNG,0.22,0.46,0.32,0.22,0.46,0.32
03_9402.PNG,0.22,0.46,0.32,0.22,0.46,0.32
03_9405.PNG,0.22,0.46,0.32,0.22,0.46,0.32
03_9406.PNG,0.22,0.46,0.32,0.22,0.46,0.32
03_9407.PNG,0.22,0.46,0.32,0.22,0.46,0.32
03_9408.PNG,0.22,0.46,0.32,0.22,0.46,0.32
03_9410.PNG,0.22,0.46,0.32,0.22,0.46,0.32
03_9415.PNG,0.22,0.46,0.32,0.22,0.46,0.32
04_9512.PNG,0.22,0.46,0.32,0.22,0.46,0.32
04_9525.PNG,0.22,0.46,0.32,0.22,0.46,0.32
04_9528.PNG,0.22,0.46,0.32,0.22,0.46,0.32
04_9531.PNG,0.22,0.46,0.32,0.22,0.46,0.32
04_9533.PNG,0.22,0.46,0.32,0.22,0.46,0.32
04_9534.PNG,0.22,0.46,0.32,0.22,0.46,0.32
04_9535.PNG,0.22,0.46,0.32,0.22,0.46,0.32
04_9536.PNG,0.22,0.46,0.32,0.22,0.46,0.32
04_9540.PNG,0.22,0.46,0.32,0.22,0.46,0.32
04_9541.PNG,0.22,0.46,0.32,0.22,0.46,0.32
04_9542.PNG,0.22,0.46,0.32,0.22,0.46,0.32
04_9543.PNG,0.22,0.46,0.32,0.22,0.46,0.32
04_9544.PNG,0.22,0.46,0.32,0.22,0.46,0.32
04_9545.PNG,0.22,0.46,0.32,0.22,0.46,0.32
04_9546.PNG,0.22,0.46,0.32,0.22,0.46,0.32
04_9549.PNG,0.22,0.46,0.32,0.22,0.46,0.32
04_9551.PNG,0.22,0.46,0.32,0.22,0.46,0.32
04_9557.PNG,0.22,0.46,0.32,0.22,0.46,0.32
04_9559.PNG,0.22,0.46,0.32,0.22,0.46,0.32
04_9564.PNG,0.22,0.46,0.32,0.22,0.46,0.32
04_9566.PNG,0.22,0.46,0.32,0.22,0.46,0.32
04_9572.PNG,0.22,0.46,0.32,0.22,0.46,0.32
04_9573.PNG,0.22,0.46,0.32,0.22,0.46,0.32
04_9577.PNG,0.22,0.46,0.32,0.22,0.46,0.32
04_9581.PNG,0.22,0.46,0.32,0.22,0.46,0.32
04_9584.PNG,0.22,0.46,0.32,0.22,0.46,0.32
04_9587.PNG,0.22,0.46,0.32,0.22,0.46,0.32
04_9589.PNG,0.22,0.46,0.32,0.22,0.46,0.32
04_9591.PNG,0.22,0.46,0.32,0.22,0.46,0.32
04_9593.PNG,0.22,0.46,0.32,0.22,0.46,0.32
04_9594.PNG,0.22,0.46,0.32,0.22,0.46,0.32
04_9596.PNG,0.22,0.46,0.32,0.22,0.46,0.32
04_9597.PNG,0.22,0.46,0.32,0.22,0.46,0.32
04_9608.PNG,0.22,0.46,0.32,0.22,0.46,0.32
04_9610.PNG,0.22,0.46,0.32,0.22,0.46,0.32
04_9614.PNG,0.22,0.46,0.32,0.22,0.46,0.32
04_9615.PNG,0.22,0.46,0.32,0.22,0.46,0.32
04_9620.PNG,0.22,0.46,0.32,0.22,0.46,0.32
04_9621.PNG,0.22,0.46,0.32,0.22,0.46,0.32
04_9623.PNG,0.22,0.46,0.32,0.22,0.46,0.32
04_9625.PNG,0.22,0.46,0.32,0.22,0.46,0.32
04_9628.PNG,0.22,0.46,0.32,0.22,0.46,0.32
04_9634.PNG,0.22,0.46,0.32,0.22,0.46,0.32
04_9638.PNG,0.22,0.46,0.32,0.22,0.46,0.32
04_9646.PNG,0.22,0.46,0.32,0.22,0.46,0.32
04_9653.PNG,0.22,0.46,0.32,0.22,0.46,0.32
04_9658.PNG,0.22,0.46,0.32,0.22,0.46,0.32
04_9663.PNG,0.22,0.46,0.32,0.22,0.46,0.32
04_9664.PNG,0.22,0.46,0.32,0.22,0.46,0.32
04_9666.PNG,0.22,0.46,0.32,0.22,0.46,0.32
04_9676.PNG,0.22,0.46,0.32,0.22,0.46,0.32
04_9681.PNG,0.22,0.46,0.32,0.22,0.46,0.32
04_9683.PNG,0.22,0.46,0.32,0.22,0.46,0.32
04_9706.PNG,0.22,0.46,0.32,0.22,0.46,0.32
04_9707.PNG,0.22,0.46,0.32,0.22,0.46,0.32
04_9708.PNG,0.22,0.46,0.32,0.22,0.46,0.32
04_9712.PNG,0.22,0.46,0.32,0.22,0.46,0.32
04_9713.PNG,0.22,0.46,0.32,0.22,0.46,0.32
04_9714.PNG,0.22,0.46,0.32,0.22,0.46,0.32
04_9718.PNG,0.22,0.46,0.32,0.22,0.46,0.32
04_9722.PNG,0.22,0.46,0.32,0.22,0.46,0.32
04_9723.PNG,0.22,0.46,0.32,0.22,0.46,0.32
04_9747.PNG,0.22,0.46,0.32,0.22,0.46,0.32
04_9809.PNG,0.22,0.46,0.32,0.22,0.46,0.32
04_9816.PNG,0.22,0.46,0.32,0.22,0.46,0.32
04_9817.PNG,0.22,0.46,0.32,0.22,0.46,0.32
04_9830.PNG,0.22,0.46,0.32,0.22,0.46,0.32
04_9831.PNG,0.22,0.46,0.32,0.22,0.46,0.32
04_9841.PNG,0.22,0.46,0.32,0.22,0.46,0.32
04_9844.PNG,0.22,0.46,0.32,0.22,0.46,0.32
04_9845.PNG,0.22,0.46,0.32,0.22,0.46,0.32
04_9846.PNG,0.22,0.46,0.32,0.22,0.46,0.32
04_9854.PNG,0.22,0.46,0.32,0.22,0.46,0.32
04_9855.PNG,0.22,0.46,0.32,0.22,0.46,0.32
04_9858.PNG,0.22,0.46,0.32,0.22,0.46,0.32
04_9861.PNG,0.22,0.46,0.32,0.22,0.46,0.32
04_9862.PNG,0.22,0.46,0.32,0.22,0.46,0.32
04_9864.PNG,0.22,0.46,0.32,0.22,0.46,0.32
04_9872.PNG,0.22,0.46,0.32,0.22,0.46,0.32
04_9877.PNG,0.22,0.46,0.32,0.22,0.46,0.32
04_9885.PNG,0.22,0.46,0.32,0.22,0.46,0.32
05_8785.PNG,0.22,0.46,0.32,0.22,0.46,0.32
05_8792.PNG,0.22,0.46,0.32,0.22,0.46,0.32
05_8803.PNG,0.22,0.46,0.32,0.22,0.46,0.32
05_8819.PNG,0.22,0.46,0.32,0.22,0.46,0.32
05_8823.PNG,0.22,0.46,0.32,0.22,0.46,0.32
05_8827.PNG,0.22,0.46,0.32,0.22,0.46,0.32
05_8836.PNG,0.22,0.46,0.32,0.22,0.46,0.32
05_8842.PNG,0.22,0.46,0.32,0.22,0.46,0.32
05_8859.PNG,0.22,0.46,0.32,0.22,0.46,0.32
05_9027.PNG,0.22,0.46,0.32,0.22,0.46,0.32
05_9028.PNG,0.22,0.46,0.32,0.22,0.46,0.32
05_9030.PNG,0.22,0.46,0.32,0.22,0.46,0.32
05_9031.PNG,0.22,0.46,0.32,0.22,0.46,0.32
05_9033.PNG,0.22,0.46,0.32,0.22,0.46,0.32
05_9034.PNG,0.22,0.46,0.32,0.22,0.46,0.32
05_9037.PNG,0.22,0.46,0.32,0.22,0.46,0.32
05_9038.PNG,0.22,0.46,0.32,0.22,0.46,0.32
05_9057.PNG,0.22,0.46,0.32,0.22,0.46,0.32
05_9060.PNG,0.22,0.46,0.32,0.22,0.46,0.32
05_9064.PNG,0.22,0.46,0.32,0.22,0.46,0.32
05_9067.PNG,0.22,0.46,0.32,0.22,0.46,0.32
05_9095.PNG,0.22,0.46,0.32,0.22,0.46,0.32
05_9109.PNG,0.22,0.46,0.32,0.22,0.46,0.32
05_9330.PNG,0.22,0.46,0.32,0.22,0.46,0.32
05_9382.PNG,0.22,0.46,0.32,0.22,0.46,0.32
05_9439.PNG,0.22,0.46,0.32,0.22,0.46,0.32
05_9449.PNG,0.22,0.46,0.32,0.22,0.46,0.32
05_9456.PNG,0.22,0.46,0.32,0.22,0.46,0.32
05_9460.PNG,0.22,0.46,0.32,0.22,0.46,0.32
05_9461.PNG,0.22,0.46,0.32,0.22,0.46,0.32
05_9462.PNG,0.22,0.46,0.32,0.22,0.46,0.32
05_9464.PNG,0.22,0.46,0.32,0.22,0.46,0.32
05_9484.PNG,0.22,0.46,0.32,0.22,0.46,0.32
05_9490.PNG,0.22,0.46,0.32,0.22,0.46,0.32
05_9505.PNG,0.22,0.46,0.32,0.22,0.46,0.32
05_9526.PNG,0.22,0.46,0.32,0.22,0.46,0.32
05_9539.PNG,0.22,0.46,0.32,0.22,0.46,0.32
05_9556.PNG,0.22,0.46,0.32,0.22,0.46,0.32
05_9601.PNG,0.22,0.46,0.32,0.22,0.46,0.32
05_9659.PNG,0.22,0.46,0.32,0.22,0.46,0.32
05_9661.PNG,0.22,0.46,0.32,0.22,0.46,0.32
05_9662.PNG,0.22,0.46,0.32,0.22,0.46,0.32
07_0101.PNG,0.22,0.46,0.32,0.22,0.46,0.32
07_0102.PNG,0.22,0.46,0.32,0.22,0.46,0.32
07_0104.PNG,0.22,0.46,0.32,0.22,0.46,0.32
07_0106.PNG,0.22,0.46,0.32,0.22,0.46,0.32
07_0116.PNG,0.22,0.46,0.32,0.22,0.46,0.32
07_0117.PNG,0.22,0.46,0.32,0.22,0.46,0.32
07_0123.PNG,0.22,0.46,0.32,0.22,0.46,0.32
07_0126.PNG,0.22,0.46,0.32,0.22,0.46,0.32
07_0127.PNG,0.22,0.46,0.32,0.22,0.46,0.32
07_0129.PNG,0.22,0.46,0.32,0.22,0.46,0.32
07_0147.PNG,0.22,0.46,0.32,0.22,0.46,0.32
07_0152.PNG,0.22,0.46,0.32,0.22,0.46,0.32
07_0162.PNG,0.22,0.46,0.32,0.22,0.46,0.32
07_0163.PNG,0.22,0.46,0.32,0.22,0.46,0.32
07_0168.PNG,0.22,0.46,0.32,0.22,0.46,0.32
07_0173.PNG,0.22,0.46,0.32,0.22,0.46,0.32
07_0174.PNG,0.22,0.46,0.32,0.22,0.46,0.32
07_0180.PNG,0.22,0.46,0.32,0.22,0.46,0.32
07_0184.PNG,0.22,0.46,0.32,0.22,0.46,0.32
07_0191.PNG,0.22,0.46,0.32,0.22,0.46,0.32
07_0198.PNG,0.22,0.46,0.32,0.22,0.46,0.32
07_0202.PNG,0.22,0.46,0.32,0.22,0.46,0.32
07_0204.PNG,0.22,0.46,0.32,0.22,0.46,0.32
07_0208.PNG,0.22,0.46,0.32,0.22,0.46,0.32
07_0209.PNG,0.22,0.46,0.32,0.22,0.46,0.32
07_0212.PNG,0.22,0.46,0.32,0.22,0.46,0.32
07_0227.PNG,0.22,0.46,0.32,0.22,0.46,0.32
07_0228.PNG,0.22,0.46,0.32,0.22,0.46,0.32
07_0232.PNG,0.22,0.46,0.32,0.22,0.46,0.32
07_0235.PNG,0.22,0.46,0.32,0.22,0.46,0.32
07_0236.PNG,0.22,0.46,0.32,0.22,0.46,0.32
07_0269.PNG,0.22,0.46,0.32,0.22,0.46,0.32
07_0270.PNG,0.22,0.46,0.32,0.22,0.46,0.32
07_0274.PNG,0.22,0.46,0.32,0.22,0.46,0.32
07_0275.PNG,0.22,0.46,0.32,0.22,0.46,0.32
07_0276.PNG,0.22,0.46,0.32,0.22,0.46,0.32
07_0279.PNG,0.22,0.46,0.32,0.22,0.46,0.32
07_0280.PNG,0.22,0.46,0.32,0.22,0.46,0.32
07_0314.PNG,0.22,0.46,0.32,0.22,0.46,0.32
07_0328.PNG,0.22,0.46,0.32,0.22,0.46,0.32
07_0331.PNG,0.22,0.46,0.32,0.22,0.46,0.32
07_0337.PNG,0.22,0.46,0.32,0.22,0.46,0.32
07_0344.PNG,0.22,0.46,0.32,0.22,0.46,0.32
07_0365.PNG,0.22,0.46,0.32,0.22,0.46,0.32
07_0441.PNG,0.22,0.46,0.32,0.22,0.46,0.32
07_0472.PNG,0.22,0.46,0.32,0.22,0.46,0.32
07_0483.PNG,0.22,0.46,0.32,0.22,0.46,0.32
07_0484.PNG,0.22,0.46,0.32,0.22,0.46,0.32
08_9824.PNG,0.22,0.46,0.32,0.22,0.46,0.32
08_9825.PNG,0.22,0.46,0.32,0.22,0.46,0.32
08_9943.PNG,0.22,0.46,0.32,0.22,0.46,0.32
08_9970.PNG,0.22,0.46,0.32,0.22,0.46,0.32
08_9972.PNG,0.22,0.46,0.32,0.22,0.46,0.32
08_9977.PNG,0.22,0.46,0.32,0.22,0.46,0.32
09_0488.PNG,0.22,0.46,0.32,0.22,0.46,0.32
09_0489.PNG,0.22,0.46,0.32,0.22,0.46,0.32
09_0490.PNG,0.22,0.46,0.32,0.22,0.46,0.32
09_0497.PNG,0.22,0.46,0.32,0.22,0.46,0.32
09_0499.PNG,0.22,0.46,0.32,0.22,0.46,0.32
09_0508.PNG,0.22,0.46,0.32,0.22,0.46,0.32
09_0513.PNG,0.22,0.46,0.32,0.22,0.46,0.32
09_0515.PNG,0.22,0.46,0.32,0.22,0.46,0.32
09_0523.PNG,0.22,0.46,0.32,0.22,0.46,0.32
09_0529.PNG,0.22,0.46,0.32,0.22,0.46,0.32
09_0534.PNG,0.22,0.46,0.32,0.22,0.46,0.32
09_0537.PNG,0.22,0.46,0.32,0.22,0.46,0.32
09_0543.PNG,0.22,0.46,0.32,0.22,0.46,0.32
09_0552.PNG,0.22,0.46,0.32,0.22,0.46,0.32
09_0553.PNG,0.22,0.46,0.32,0.22,0.46,0.32
09_0555.PNG,0.22,0.46,0.32,0.22,0.46,0.32
09_0565.PNG,0.22,0.46,0.32,0.22,0.46,0.32
09_0594.PNG,0.22,0.46,0.32,0.22,0.46,0.32
09_0643.PNG,0.22,0.46,0.32,0.22,0.46,0.32
09_0648.PNG,0.22,0.46,0.32,0.22,0.46,0.32
09_0755.PNG,0.22,0.46,0.32,0.22,0.46,0.32
09_0761.PNG,0.22,0.46,0.32,0.22,0.46,0.32
09_0766.PNG,0.22,0.46,0.32,0.22,0.46,0.32
10_0105.PNG,0.22,0.46,0.32,0.22,0.46,0.32
10_0193.PNG,0.22,0.46,0.32,0.22,0.46,0.32
10_0205.PNG,0.22,0.46,0.32,0.22,0.46,0.32
10_0208.PNG,0.22,0.46,0.32,0.22,0.46,0.32
10_0215.PNG,0.22,0.46,0.32,0.22,0.46,0.32
10_0217.PNG,0.22,0.46,0.32,0.22,0.46,0.32
10_0220.PNG,0.22,0.46,0.32,0.22,0.46,0.32
10_0221.PNG,0.22,0.46,0.32,0.22,0.46,0.32
10_0222.PNG,0.22,0.46,0.32,0.22,0.46,0.32
10_0225.PNG,0.22,0.46,0.32,0.22,0.46,0.32
10_0226.PNG,0.22,0.46,0.32,0.22,0.46,0.32
10_0228.PNG,0.22,0.46,0.32,0.22,0.46,0.32
10_0229.PNG,0.22,0.46,0.32,0.22,0.46,0.32
10_0232.PNG,0.22,0.46,0.32,0.22,0.46,0.32
10_0238.PNG,0.22,0.46,0.32,0.22,0.46,0.32
10_0240.PNG,0.22,0.46,0.32,0.22,0.46,0.32
10_0241.PNG,0.22,0.46,0.32,0.22,0.46,0.32
12_0375.PNG,0.22,0.46,0.32,0.22,0.46,0.32
12_0398.PNG,0.22,0.46,0.32,0.22,0.46,0.32
12_0399.PNG,0.22,0.46,0.32,0.22,0.46,0.32
12_0406.PNG,0.22,0.46,0.32,0.22,0.46,0.32
12_0417.PNG,0.22,0.46,0.32,0.22,0.46,0.32
12_0418.PNG,0.22,0.46,0.32,0.22,0.46,0.32
12_0424.PNG,0.22,0.46,0.32,0.22,0.46,0.32
12_0621.PNG,0.22,0.46,0.32,0.22,0.46,0.32
12_0622.PNG,0.22,0.46,0.32,0.22,0.46,0.32
12_0638.PNG,0.22,0.46,0.32,0.22,0.46,0.32
12_0710.PNG,0.22,0.46,0.32,0.22,0.46,0.32
12_0746.PNG,0.22,0.46,0.32,0.22,0.46,0.32
12_0764.PNG,0.22,0.46,0.32,0.22,0.46,0.32
12_0776.PNG,0.22,0.46,0.32,0.22,0.46,0.32
12_0794.PNG,0.22,0.46,0.32,0.22,0.46,0.32
12_0804.PNG,0.22,0.46,0.32,0.22,0.46,0.32
12_0824.PNG,0.22,0.46,0.32,0.22,0.46,0.32
13_0854.PNG,0.22,0.46,0.32,0.22,0.46,0.32
13_0856.PNG,0.22,0.46,0.32,0.22,0.46,0.32
13_0859.PNG,0.22,0.46,0.32,0.22,0.46,0.32
13_0877.PNG,0.22,0.46,0.32,0.22,0.46,0.32
13_0878.PNG,0.22,0.46,0.32,0.22,0.46,0.32
13_0879.PNG,0.22,0.46,0.32,0.22,0.46,0.32
13_0889.PNG,0.22,0.46,0.32,0.22,0.46,0.32
13_0893.PNG,0.22,0.46,0.32,0.22,0.46,0.32
13_0894.PNG,0.22,0.46,0.32,0.22,0.46,0.32
13_0895.PNG,0.22,0.46,0.32,0.22,0.46,0.32
13_0896.PNG,0.22,0.46,0.32,0.22,0.46,0.32
13_0902.PNG,0.22,0.46,0.32,0.22,0.46,0.32
13_0903.PNG,0.22,0.46,0.32,0.22,0.46,0.32
13_0923.PNG,0.22,0.46,0.32,0.22,0.46,0.32
13_0928.PNG,0.22,0.46,0.32,0.22,0.46,0.32
13_0933.PNG,0.22,0.46,0.32,0.22,0.46,0.32
14_0941.PNG,0.22,0.46,0.32,0.22,0.46,0.32
14_0945.PNG,0.22,0.46,0.32,0.22,0.46,0.32
14_0948.PNG,0.22,0.46,0.32,0.22,0.46,0.32
14_0949.PNG,0.22,0.46,0.32,0.22,0.46,0.32
14_0950.PNG,0.22,0.46,0.32,0.22,0.46,0.32
14_0951.PNG,0.22,0.46,0.32,0.22,0.46,0.32
14_0953.PNG,0.22,0.46,0.32,0.22,0.46,0.32
14_0957.PNG,0.22,0.46,0.32,0.22,0.46,0.32
14_0959.PNG,0.22,0.46,0.32,0.22,0.46,0.32
14_0961.PNG,0.22,0.46,0.32,0.22,0.46,0.32
14_0962.PNG,0.22,0.46,0.32,0.22,0.46,0.32
14_0963.PNG,0.22,0.46,0.32,0.22,0.46,0.32
14_0965.PNG,0.22,0.46,0.32,0.22,0.46,0.32
14_0966.PNG,0.22,0.46,0.32,0.22,0.46,0.32
14_0969.PNG,0.22,0.46,0.32,0.22,0.46,0.32
14_0984.PNG,0.22,0.46,0.32,0.22,0.46,0.32
14_0985.PNG,0.22,0.46,0.32,0.22,0.46,0.32
14_0986.PNG,0.22,0.46,0.32,0.22,0.46,0.32
14_0988.PNG,0.22,0.46,0.32,0.22,0.46,0.32
14_0992.PNG,0.22,0.46,0.32,0.22,0.46,0.32
14_0996.PNG,0.22,0.46,0.32,0.22,0.46,0.32
14_1000.PNG,0.22,0.46,0.32,0.22,0.46,0.32
14_1003.PNG,0.22,0.46,0.32,0.22,0.46,0.32
14_1007.PNG,0.22,0.46,0.32,0.22,0.46,0.32
14_1008.PNG,0.22,0.46,0.32,0.22,0.46,0.32
14_1009.PNG,0.22,0.46,0.32,0.22,0.46,0.32
14_1011.PNG,0.22,0.46,0.32,0.22,0.46,0.32
14_1014.PNG,0.22,0.46,0.32,0.22,0.46,0.32
14_1016.PNG,0.22,0.46,0.32,0.22,0.46,0.32
14_1017.PNG,0.22,0.46,0.32,0.22,0.46,0.32
14_1019.PNG,0.22,0.46,0.32,0.22,0.46,0.32
14_1021.PNG,0.22,0.46,0.32,0.22,0.46,0.32
14_1024.PNG,0.22,0.46,0.32,0.22,0.46,0.32
14_1040.PNG,0.22,0.46,0.32,0.22,0.46,0.32
14_1044.PNG,0.22,0.46,0.32,0.22,0.46,0.32
14_1064.PNG,0.22,0.46,0.32,0.22,0.46,0.32
14_1065.PNG,0.22,0.46,0.32,0.22,0.46,0.32
14_1067.PNG,0.22,0.46,0.32,0.22,0.46,0.32
14_1068.PNG,0.22,0.46,0.32,0.22,0.46,0.32
14_1069.PNG,0.22,0.46,0.32,0.22,0.46,0.32
14_1071.PNG,0.22,0.46,0.32,0.22,0.46,0.32
14_1072.PNG,0.22,0.46,0.32,0.22,0.46,0.32
14_1077.PNG,0.22,0.46,0.32,0.22,0.46,0.32
14_1081.PNG,0.22,0.46,0.32,0.22,0.46,0.32
14_1082.PNG,0.22,0.46,0.32,0.22,0.46,0.32
14_1084.PNG,0.22,0.46,0.32,0.22,0.46,0.32
14_1085.PNG,0.22,0.46,0.32,0.22,0.46,0.32
14_1086.PNG,0.22,0.46,0.32,0.22,0.46,0.32
14_1088.PNG,0.22,0.46,0.32,0.22,0.46,0.32
14_1089.PNG,0.22,0.46,0.32,0.22,0.46,0.32
14_1094.PNG,0.22,0.46,0.32,0.22,0.46,0.32
14_1098.PNG,0.22,0.46,0.32,0.22,0.46,0.32
14_1100.PNG,0.22,0.46,0.32,0.22,0.46,0.32
14_1101.PNG,0.22,0.46,0.32,0.22,0.46,0.32
14_1102.PNG,0.22,0.46,0.32,0.22,0.46,0.32
14_1105.PNG,0.22,0.46,0.32,0.22,0.46,0.32
14_1108.PNG,0.22,0.46,0.32,0.22,0.46,0.32
14_1112.PNG,0.22,0.46,0.32,0.22,0.46,0.32
14_1113.PNG,0.22,0.46,0.32,0.22,0.46,0.32
14_1114.PNG,0.22,0.46,0.32,0.22,0.46,0.32
14_1117.PNG,0.22,0.46,0.32,0.22,0.46,0.32
14_1118.PNG,0.22,0.46,0.32,0.22,0.46,0.32
14_1124.PNG,0.22,0.46,0.32,0.22,0.46,0.32
14_1131.PNG,0.22,0.46,0.32,0.22,0.46,0.32
14_1137.PNG,0.22,0.46,0.32,0.22,0.46,0.32
14_1138.PNG,0.22,0.46,0.32,0.22,0.46,0.32
14_1141.PNG,0.22,0.46,0.32,0.22,0.46,0.32
14_1142.PNG,0.22,0.46,0.32,0.22,0.46,0.32
14_1143.PNG,0.22,0.46,0.32,0.22,0.46,0.32
14_1144.PNG,0.22,0.46,0.32,0.22,0.46,0.32
14_1145.PNG,0.22,0.46,0.32,0.22,0.46,0.32
14_1146.PNG,0.22,0.46,0.32,0.22,0.46,0.32
14_1149.PNG,0.22,0.46,0.32,0.22,0.46,0.32
14_1154.PNG,0.22,0.46,0.32,0.22,0.46,0.32
14_1155.PNG,0.22,0.46,0.32,0.22,0.46,0.32
14_1157.PNG,0.22,0.46,0.32,0.22,0.46,0.32
14_1159.PNG,0.22,0.46,0.32,0.22,0.46,0.32
14_1162.PNG,0.22,0.46,0.32,0.22,0.46,0.32
14_1163.PNG,0.22,0.46,0.32,0.22,0.46,0.32
14_1168.PNG,0.22,0.46,0.32,0.22,0.46,0.32
14_1170.PNG,0.22,0.46,0.32,0.22,0.46,0.32
14_1174.PNG,0.22,0.46,0.32,0.22,0.46,0.32
14_1175.PNG,0.22,0.46,0.32,0.22,0.46,0.32
14_1178.PNG,0.22,0.46,0.32,0.22,0.46,0.32
14_1179.PNG,0.22,0.46,0.32,0.22,0.46,0.32
14_1181.PNG,0.22,0.46,0.32,0.22,0.46,0.32
14_1183.PNG,0.22,0.46,0.32,0.22,0.46,0.32
14_1186.PNG,0.22,0.46,0.32,0.22,0.46,0.32
14_1190.PNG,0.22,0.46,0.32,0.22,0.46,0.32
15_1196.PNG,0.22,0.46,0.32,0.22,0.46,0.32
15_1205.PNG,0.22,0.46,0.32,0.22,0.46,0.32
15_1206.PNG,0.22,0.46,0.32,0.22,0.46,0.32
15_1207.PNG,0.22,0.46,0.32,0.22,0.46,0.32
15_1208.PNG,0.22,0.46,0.32,0.22,0.46,0.32
15_1209.PNG,0.22,0.46,0.32,0.22,0.46,0.32
15_1210.PNG,0.22,0.46,0.32,0.22,0.46,0.32
15_1211.PNG,0.22,0.46,0.32,0.22,0.46,0.32
15_1212.PNG,0.22,0.46,0.32,0.22,0.46,0.32
15_1213.PNG,0.22,0.46,0.32,0.22,0.46,0.32
15_1217.PNG,0.22,0.46,0.32,0.22,0.46,0.32
15_1222.PNG,0.22,0.46,0.32,0.22,0.46,0.32
15_1223.PNG,0.22,0.46,0.32,0.22,0.46,0.32
15_1236.PNG,0.22,0.46,0.32,0.22,0.46,0.32
15_1238.PNG,0.22,0.46,0.32,0.22,0.46,0.32
15_1239.PNG,0.22,0.46,0.32,0.22,0.46,0.32
15_1240.PNG,0.22,0.46,0.32,0.22,0.46,0.32
15_1248.PNG,0.22,0.46,0.32,0.22,0.46,0.32
15_1249.PNG,0.22,0.46,0.32,0.22,0.46,0.32
15_1251.PNG,0.22,0.46,0.32,0.22,0.46,0.32
15_1253.PNG,0.22,0.46,0.32,0.22,0.46,0.32
15_1254.PNG,0.22,0.46,0.32,0.22,0.46,0.32
15_1257.PNG,0.22,0.46,0.32,0.22,0.46,0.32
15_1266.PNG,0.22,0.46,0.32,0.22,0.46,0.32
15_1268.PNG,0.22,0.46,0.32,0.22,0.46,0.32
15_1272.PNG,0.22,0.46,0.32,0.22,0.46,0.32
15_1274.PNG,0.22,0.46,0.32,0.22,0.46,0.32
15_1275.PNG,0.22,0.46,0.32,0.22,0.46,0.32
15_1277.PNG,0.22,0.46,0.32,0.22,0.46,0.32
15_1280.PNG,0.22,0.46,0.32,0.22,0.46,0.32
15_1282.PNG,0.22,0.46,0.32,0.22,0.46,0.32
15_1283.PNG,0.22,0.46,0.32,0.22,0.46,0.32
15_1285.PNG,0.22,0.46,0.32,0.22,0.46,0.32
15_1286.PNG,0.22,0.46,0.32,0.22,0.46,0.32
15_1287.PNG,0.22,0.46,0.32,0.22,0.46,0.32
15_1288.PNG,0.22,0.46,0.32,0.22,0.46,0.32
15_1290.PNG,0.22,0.46,0.32,0.22,0.46,0.32
15_1291.PNG,0.22,0.46,0.32,0.22,0.46,0.32
15_1292.PNG,0.22,0.46,0.32,0.22,0.46,0.32
15_1296.PNG,0.22,0.46,0.32,0.22,0.46,0.32
15_1299.PNG,0.22,0.46,0.32,0.22,0.46,0.32
15_1301.PNG,0.22,0.46,0.32,0.22,0.46,0.32
15_1303.PNG,0.22,0.46,0.32,0.22,0.46,0.32
15_1305.PNG,0.22,0.46,0.32,0.22,0.46,0.32
15_1308.PNG,0.22,0.46,0.32,0.22,0.46,0.32
15_1310.PNG,0.22,0.46,0.32,0.22,0.46,0.32
15_1311.PNG,0.22,0.46,0.32,0.22,0.46,0.32
15_1312.PNG,0.22,0.46,0.32,0.22,0.46,0.32
15_1313.PNG,0.22,0.46,0.32,0.22,0.46,0.32
15_1315.PNG,0.22,0.46,0.32,0.22,0.46,0.32
15_1316.PNG,0.22,0.46,0.32,0.22,0.46,0.32
15_1317.PNG,0.22,0.46,0.32,0.22,0.46,0.32
15_1318.PNG,0.22,0.46,0.32,0.22,0.46,0.32
15_1319.PNG,0.22,0.46,0.32,0.22,0.46,0.32
15_1320.PNG,0.22,0.46,0.32,0.22,0.46,0.32
15_1323.PNG,0.22,0.46,0.32,0.22,0.46,0.32
15_1324.PNG,0.22,0.46,0.32,0.22,0.46,0.32
15_1325.PNG,0.22,0.46,0.32,0.22,0.46,0.32
15_1327.PNG,0.22,0.46,0.32,0.22,0.46,0.32
15_1328.PNG,0.22,0.46,0.32,0.22,0.46,0.32
15_1330.PNG,0.22,0.46,0.32,0.22,0.46,0.32
15_1331.PNG,0.22,0.46,0.32,0.22,0.46,0.32
15_1332.PNG,0.22,0.46,0.32,0.22,0.46,0.32
15_1334.PNG,0.22,0.46,0.32,0.22,0.46,0.32
15_1335.PNG,0.22,0.46,0.32,0.22,0.46,0.32
15_1337.PNG,0.22,0.46,0.32,0.22,0.46,0.32
15_1338.PNG,0.22,0.46,0.32,0.22,0.46,0.32
15_1339.PNG,0.22,0.46,0.32,0.22,0.46,0.32
15_1340.PNG,0.22,0.46,0.32,0.22,0.46,0.32
15_1344.PNG,0.22,0.46,0.32,0.22,0.46,0.32
15_1346.PNG,0.22,0.46,0.32,0.22,0.46,0.32
15_1350.PNG,0.22,0.46,0.32,0.22,0.46,0.32
15_1353.PNG,0.22,0.46,0.32,0.22,0.46,0.32
15_1355.PNG,0.22,0.46,0.32,0.22,0.46,0.32
15_1357.PNG,0.22,0.46,0.32,0.22,0.46,0.32
15_1358.PNG,0.22,0.46,0.32,0.22,0.46,0.32
15_1359.PNG,0.22,0.46,0.32,0.22,0.46,0.32
15_1360.PNG,0.22,0.46,0.32,0.22,0.46,0.32
15_1361.PNG,0.22,0.46,0.32,0.22,0.46,0.32
15_1362.PNG,0.22,0.46,0.32,0.22,0.46,0.32
15_1363.PNG,0.22,0.46,0.32,0.22,0.46,0.32
15_1366.PNG,0.22,0.46,0.32,0.22,0.46,0.32
15_1367.PNG,0.22,0.46,0.32,0.22,0.46,0.32
15_1368.PNG,0.22,0.46,0.32,0.22,0.46,0.32
15_1370.PNG,0.22,0.46,0.32,0.22,0.46,0.32
15_1376.PNG,0.22,0.46,0.32,0.22,0.46,0.32
15_1377.PNG,0.22,0.46,0.32,0.22,0.46,0.32
15_1379.PNG,0.22,0.46,0.32,0.22,0.46,0.32
15_1380.PNG,0.22,0.46,0.32,0.22,0.46,0.32
15_1381.PNG,0.22,0.46,0.32,0.22,0.46,0.32
15_1382.PNG,0.22,0.46,0.32,0.22,0.46,0.32
15_1383.PNG,0.22,0.46,0.32,0.22,0.46,0.32
15_1385.PNG,0.22,0.46,0.32,0.22,0.46,0.32
15_1387.PNG,0.22,0.46,0.32,0.22,0.46,0.32
15_1388.PNG,0.22,0.46,0.32,0.22,0.46,0.32
15_1389.PNG,0.22,0.46,0.32,0.22,0.46,0.32
15_1390.PNG,0.22,0.46,0.32,0.22,0.46,0.32
15_1391.PNG,0.22,0.46,0.32,0.22,0.46,0.32
15_1393.PNG,0.22,0.46,0.32,0.22,0.46,0.32
15_1397.PNG,0.22,0.46,0.32,0.22,0.46,0.32
15_1398.PNG,0.22,0.46,0.32,0.22,0.46,0.32
15_1400.PNG,0.22,0.46,0.32,0.22,0.46,0.32
15_1404.PNG,0.22,0.46,0.32,0.22,0.46,0.32
15_1405.PNG,0.22,0.46,0.32,0.22,0.46,0.32
15_1407.PNG,0.22,0.46,0.32,0.22,0.46,0.32
15_1408.PNG,0.22,0.46,0.32,0.22,0.46,0.32
15_1409.PNG,0.22,0.46,0.32,0.22,0.46,0.32
15_1410.PNG,0.22,0.46,0.32,0.22,0.46,0.32
15_1411.PNG,0.22,0.46,0.32,0.22,0.46,0.32
15_1412.PNG,0.22,0.46,0.32,0.22,0.46,0.32
15_1413.PNG,0.22,0.46,0.32,0.22,0.46,0.32
15_1414.PNG,0.22,0.46,0.32,0.22,0.46,0.32
15_1415.PNG,0.22,0.46,0.32,0.22,0.46,0.32
15_1416.PNG,0.22,0.46,0.32,0.22,0.46,0.32
15_1418.PNG,0.22,0.46,0.32,0.22,0.46,0.32
15_1419.PNG,0.22,0.46,0.32,0.22,0.46,0.32
15_1420.PNG,0.22,0.46,0.32,0.22,0.46,0.32
15_1421.PNG,0.22,0.46,0.32,0.22,0.46,0.32
15_1422.PNG,0.22,0.46,0.32,0.22,0.46,0.32
15_1425.PNG,0.22,0.46,0.32,0.22,0.46,0.32
15_1427.PNG,0.22,0.46,0.32,0.22,0.46,0.32
15_1428.PNG,0.22,0.46,0.32,0.22,0.46,0.32
15_1429.PNG,0.22,0.46,0.32,0.22,0.46,0.32
15_1430.PNG,0.22,0.46,0.32,0.22,0.46,0.32
15_1431.PNG,0.22,0.46,0.32,0.22,0.46,0.32
15_1435.PNG,0.22,0.46,0.32,0.22,0.46,0.32
15_1436.PNG,0.22,0.46,0.32,0.22,0.46,0.32
15_1437.PNG,0.22,0.46,0.32,0.22,0.46,0.32
15_1438.PNG,0.22,0.46,0.32,0.22,0.46,0.32
15_1440.PNG,0.22,0.46,0.32,0.22,0.46,0.32
15_1441.PNG,0.22,0.46,0.32,0.22,0.46,0.32
15_1442.PNG,0.22,0.46,0.32,0.22,0.46,0.32
15_1443.PNG,0.22,0.46,0.32,0.22,0.46,0.32
15_1444.PNG,0.22,0.46,0.32,0.22,0.46,0.32
16_1486.PNG,0.22,0.46,0.32,0.22,0.46,0.32
16_1548.PNG,0.22,0.46,0.32,0.22,0.46,0.32
16_1563.PNG,0.22,0.46,0.32,0.22,0.46,0.32
16_1578.PNG,0.22,0.46,0.32,0.22,0.46,0.32
16_1580.PNG,0.22,0.46,0.32,0.22,0.46,0.32
16_1588.PNG,0.22,0.46,0.32,0.22,0.46,0.32
16_1632.PNG,0.22,0.46,0.32,0.22,0.46,0.32
16_1645.PNG,0.22,0.46,0.32,0.22,0.46,0.32
16_1650.PNG,0.22,0.46,0.32,0.22,0.46,0.32
17_1657.PNG,0.22,0.46,0.32,0.22,0.46,0.32
17_1667.PNG,0.22,0.46,0.32,0.22,0.46,0.32
17_1685.PNG,0.22,0.46,0.32,0.22,0.46,0.32
17_1700.PNG,0.22,0.46,0.32,0.22,0.46,0.32
17_1741.PNG,0.22,0.46,0.32,0.22,0.46,0.32
17_1752.PNG,0.22,0.46,0.32,0.22,0.46,0.32
17_1765.PNG,0.22,0.46,0.32,0.22,0.46,0.32
17_1770.PNG,0.22,0.46,0.32,0.22,0.46,0.32
17_1772.PNG,0.22,0.46,0.32,0.22,0.46,0.32
17_1773.PNG,0.22,0.46,0.32,0.22,0.46,0.32
17_1775.PNG,0.22,0.46,0.32,0.22,0.46,0.32
17_1776.PNG,0.22,0.46,0.32,0.22,0.46,0.32
18_2252.PNG,0.22,0.46,0.32,0.22,0.46,0.32
18_2254.PNG,0.22,0.46,0.32,0.22,0.46,0.32
18_2276.PNG,0.22,0.46,0.32,0.22,0.46,0.32
18_2298.PNG,0.22,0.46,0.32,0.22,0.46,0.32
18_2305.PNG,0.22,0.46,0.32,0.22,0.46,0.32
18_2312.PNG,0.22,0.46,0.32,0.22,0.46,0.32
18_2315.PNG,0.22,0.46,0.32,0.22,0.46,0.32
18_2316.PNG,0.22,0.46,0.32,0.22,0.46,0.32
19_3230.PNG,0.22,0.46,0.32,0.22,0.46,0.32
19_3245.PNG,0.22,0.46,0.32,0.22,0.46,0.32
20_2637.PNG,0.22,0.46,0.32,0.22,0.46,0.32
20_2655.PNG,0.22,0.46,0.32,0.22,0.46,0.32
20_2742.PNG,0.22,0.46,0.32,0.22,0.46,0.32
20_2754.PNG,0.22,0.46,0.32,0.22,0.46,0.32
20_2810.PNG,0.22,0.46,0.32,0.22,0.46,0.32
20_2822.PNG,0.22,0.46,0.32,0.22,0.46,0.32
20_2852.PNG,0.22,0.46,0.32,0.22,0.46,0.32
20_2858.PNG,0.22,0.46,0.32,0.22,0.46,0.32
20_2865.PNG,0.22,0.46,0.32,0.22,0.46,0.32
20_2880.PNG,0.22,0.46,0.32,0.22,0.46,0.32
20_2988.PNG,0.22,0.46,0.32,0.22,0.46,0.32
20_3048.PNG,0.22,0.46,0.32,0.22,0.46,0.32
